loc,cnt
JFK,0.022605086156707466
LaGuardia,0.08742296811681673
