fares,credit,cash
2014,57.778914439103126,41.394368683584695
2015,62.608086503632855,36.94650996649468
