fares,credit,cash
2014,41.0431681,58.4587081
2015,45.91394264,53.41731617

