loc,cnt
JFK,1.4241912456330643
LaGuardia,1.727138437396248